key,authors,year,title,container,volume,issue,pages,doi,url,verification_source,verified_utc,cited_for
altamimi2023,"Altamimi Z; Rebischung P; Collilieux X; Métivier L; Chanard K",2023,"ITRF2020: an augmented reference frame refining the modeling of nonlinear station motions","Journal of Geodesy",97,,"47",10.1007/s00190-023-01738-w,https://doi.org/10.1007/s00190-023-01738-w,Crossref and publisher DOI resolution,2026-09-25T03:43:00Z,ITRF2020 realization
altamimi2002,"Altamimi Z; Sillard P; Boucher C",2002,"ITRF2000: A new release of the International Terrestrial Reference Frame for earth science applications","Journal of Geophysical Research: Solid Earth",107,B10,"ETG 2-1-ETG 2-19",10.1029/2001JB000561,https://doi.org/10.1029/2001JB000561,Crossref DOI metadata,2026-09-25T03:43:00Z,ITRF datum realization and frame combination
altamimi2003,"Altamimi Z; Sillard P; Boucher C",2003,"The impact of a No-Net-Rotation Condition on ITRF2000","Geophysical Research Letters",30,2,"1064",10.1029/2002GL016279,https://doi.org/10.1029/2002GL016279,Crossref DOI metadata,2026-09-25T03:43:00Z,no-net-rotation constraints and plate-motion frame interpretation
bevis2014,"Bevis M; Brown A",2014,"Trajectory models and reference frames for crustal motion geodesy","Journal of Geodesy",88,3,"283-311",10.1007/s00190-013-0685-5,https://doi.org/10.1007/s00190-013-0685-5,Crossref and publisher metadata,2026-09-25T03:43:00Z,time-dependent station trajectories and reference-frame realization
chatzinikos2017,"Chatzinikos M; Dermanis A",2017,"A coordinate-invariant model for deforming geodetic networks: understanding rank deficiencies, non-estimability of parameters, and the effect of the choice of minimal constraints","Journal of Geodesy",91,4,"375-396",10.1007/s00190-016-0970-1,https://doi.org/10.1007/s00190-016-0970-1,Crossref and publisher metadata; issue-year convention,2026-09-25T03:43:00Z,coordinate invariance rank deficiency and effects of minimal constraints
dokmanic2015,"Dokmanić I; Parhizkar R; Ranieri J; Vetterli M",2015,"Euclidean distance matrices: essential theory, algorithms, and applications","IEEE Signal Processing Magazine",32,6,"12-30",10.1109/MSP.2015.2398954,https://doi.org/10.1109/MSP.2015.2398954,Crossref DOI metadata,2026-09-25T03:43:00Z,Euclidean distance matrix theory
glaser2015,"Glaser S; Fritsche M; Sośnica K; Rodríguez-Solano CJ; Wang K; Dach R; Hugentobler U; Rothacher M; Dietrich R",2015,"A consistent combination of GNSS and SLR with minimum constraints","Journal of Geodesy",89,12,"1165-1180",10.1007/s00190-015-0842-0,https://doi.org/10.1007/s00190-015-0842-0,Crossref and publisher metadata,2026-09-25T03:43:00Z,minimum constraints in multi-technique terrestrial frame combination
iers2010,"Petit G; Luzum B (eds)",2010,"IERS Conventions (2010)","IERS Technical Note",36,,,,"https://iers-conventions.obspm.fr/content/tn36.pdf",Official IERS publication,2026-09-25T03:43:00Z,reference-system and Earth-orientation terminology
iso19111,"International Organization for Standardization",2019,"ISO 19111:2019 Geographic information—Referencing by coordinates","International Standard",,,,,https://www.iso.org/standard/74039.html,Official ISO catalogue,2026-09-25T03:43:00Z,coordinate reference system metadata
kabsch1976,"Kabsch W",1976,"A solution for the best rotation to relate two sets of vectors","Acta Crystallographica Section A",32,5,"922-923",10.1107/S0567739476001873,https://doi.org/10.1107/S0567739476001873,Crossref DOI metadata,2026-09-25T03:43:00Z,proper orthogonal alignment
kabsch1978,"Kabsch W",1978,"A discussion of the solution for the best rotation to relate two sets of vectors","Acta Crystallographica Section A",34,5,"827-828",10.1107/S0567739478001680,https://doi.org/10.1107/S0567739478001680,Crossref DOI metadata,2026-09-25T03:43:00Z,proper orthogonal alignment
kotsakis2012,"Kotsakis C",2012,"Reference frame stability and nonlinear distortion in minimum-constrained network adjustment","Journal of Geodesy",86,9,"755-774",10.1007/s00190-012-0555-6,https://doi.org/10.1007/s00190-012-0555-6,Crossref and publisher metadata,2026-09-25T03:43:00Z,reference-frame stability and distortion under minimum constraints
kotsakis2013,"Kotsakis C",2013,"Generalized inner constraints for geodetic network densification problems","Journal of Geodesy",87,7,"661-673",10.1007/s00190-013-0637-0,https://doi.org/10.1007/s00190-013-0637-0,Crossref and publisher metadata,2026-09-25T03:43:00Z,inner constraints and datum transfer in network densification
kotsakis2017,"Kotsakis C; Chatzinikos M",2017,"Rank defect analysis and the realization of proper singularity in normal equations of geodetic networks","Journal of Geodesy",91,6,"627-652",10.1007/s00190-016-0989-3,https://doi.org/10.1007/s00190-016-0989-3,Crossref and publisher metadata,2026-09-25T03:43:00Z,rank-defect diagnosis and proper datum singularity
liberti2014,"Liberti L; Lavor C; Maculan N; Mucherino A",2014,"Euclidean distance geometry and applications","SIAM Review",56,1,"3-69",10.1137/120875909,https://doi.org/10.1137/120875909,Crossref DOI metadata,2026-09-25T03:43:00Z,distance-geometry identifiability
moritz2000,"Moritz H",2000,"Geodetic Reference System 1980","Journal of Geodesy",74,1,"128-133",10.1007/s001900050278,https://doi.org/10.1007/s001900050278,Crossref DOI metadata,2026-09-25T03:43:00Z,ellipsoidal reference system
papo1985,"Papo HB",1985,"Extended free net adjustment constraints","Bulletin Géodésique",59,4,"378-390",10.1007/BF02521070,https://doi.org/10.1007/BF02521070,Crossref DOI metadata,2026-09-25T03:43:00Z,free-network and extended inner constraints
sillard2001,"Sillard P; Boucher C",2001,"A review of algebraic constraints in terrestrial reference frame datum definition","Journal of Geodesy",75,2-3,"63-73",10.1007/S001900100166,https://doi.org/10.1007/S001900100166,Crossref and publisher metadata,2026-09-25T03:43:00Z,datum defect and algebraic constraints in terrestrial reference frames
zajdel2019,"Zajdel R; Sośnica K; Drożdżewski M; Bury G; Strugarek D",2019,"Impact of network constraining on the terrestrial reference frame realization based on SLR observations to LAGEOS","Journal of Geodesy",93,11,"2293-2313",10.1007/s00190-019-01307-0,https://doi.org/10.1007/s00190-019-01307-0,Crossref and publisher metadata,2026-09-25T03:43:00Z,empirical effects of datum station selection and minimum constraints
torsvik2008,"Torsvik TH; Müller RD; Van der Voo R; Steinberger B; Gaina C",2008,"Global plate motion frames: toward a unified model","Reviews of Geophysics",46,3,,10.1029/2007RG000227,https://doi.org/10.1029/2007RG000227,Crossref DOI metadata,2026-09-25T03:43:00Z,plate-motion reference frames
torsvik2012,"Torsvik TH; Van der Voo R; Preeden U; Mac Niocaill C; Steinberger B; Doubrovine PV; van Hinsbergen DJJ; Domeier M; Gaina C; Tohver E; Meert JG; McCausland PJA; Cocks LRM",2012,"Phanerozoic polar wander, palaeogeography and dynamics","Earth-Science Reviews",114,3-4,"325-368",10.1016/j.earscirev.2012.06.007,https://doi.org/10.1016/j.earscirev.2012.06.007,Crossref DOI metadata,2026-09-25T03:43:00Z,paleogeographic model dependence
torsvik2019,"Torsvik TH; Cocks LRM",2019,"The integration of palaeomagnetism, the geological record and mantle tomography in the location of ancient continents","Geological Magazine",156,2,"242-260",10.1017/S001675681700098X,https://doi.org/10.1017/S001675681700098X,Crossref and Cambridge metadata; issue-year convention (online 2017),2026-09-25T03:43:00Z,paleolatitude and model-dependent paleolongitude constraints
asimow1978,"Asimow L; Roth B",1978,"The rigidity of graphs","Transactions of the American Mathematical Society",245,,"279-289",10.1090/S0002-9947-1978-0511410-9,https://doi.org/10.1090/S0002-9947-1978-0511410-9,Crossref DOI metadata,2026-09-25T03:43:00Z,generic local rigidity and rigidity-matrix rank
asimow1979,"Asimow L; Roth B",1979,"The rigidity of graphs, II","Journal of Mathematical Analysis and Applications",68,,"171-190",10.1016/0022-247X(79)90108-2,https://doi.org/10.1016/0022-247X(79)90108-2,Crossref DOI metadata,2026-09-25T03:43:00Z,generic local rigidity in Euclidean frameworks
